date,user,message
2025-03-28 18:32:40,Alice,How can I reset my password?
2025-03-28 18:33:40,SupportAgent3,I'm sorry to hear that. Let me look into it for you.
2025-03-28 18:35:40,Alice,"Sure, here are the details..."
2025-03-28 18:37:40,SupportAgent3,"Thank you for your patience, we're checking the logs."
2025-03-28 18:40:40,SupportAgent3,You can reset your password using this link: [reset link]
2025-03-28 18:42:40,Alice,"Thanks, it's working now!"
2025-03-28 18:42:40,Alice,I'm having trouble logging into my account.
2025-03-28 18:43:40,SupportAgent1,I'm sorry to hear that. Let me look into it for you.
2025-03-28 18:45:40,Alice,"Sure, here are the details..."
2025-03-28 18:47:40,SupportAgent1,We've identified the issue and are working on a fix.
2025-03-28 18:50:40,SupportAgent1,We've re-enabled your file from the backup.
2025-03-28 18:52:40,Alice,"Thanks, it's working now!"
2025-03-28 18:52:40,Dana,The website is very slow today.
2025-03-28 18:53:40,SupportAgent2,I'm sorry to hear that. Let me look into it for you.
2025-03-28 18:55:40,Dana,"Sure, here are the details..."
2025-03-28 18:57:40,SupportAgent2,"Thank you for your patience, we're checking the logs."
2025-03-28 19:00:40,SupportAgent2,The system has been optimized. Please refresh and try again.
2025-03-28 19:02:40,Dana,"Thanks, it's working now!"
2025-03-28 19:02:40,Charlie,I'm seeing an error code 502 on the dashboard.
2025-03-28 19:03:40,SupportAgent3,I'm sorry to hear that. Let me look into it for you.
2025-03-28 19:05:40,Charlie,"Sure, here are the details..."
2025-03-28 19:07:40,SupportAgent3,"Thank you for your patience, we're checking the logs."
2025-03-28 19:10:40,SupportAgent3,We've re-enabled your file from the backup.
2025-03-28 19:12:40,Charlie,"Thanks, it's working now!"
2025-03-28 19:12:40,Charlie,I need help updating my profile information.
2025-03-28 19:13:40,SupportAgent3,I'm sorry to hear that. Let me look into it for you.
2025-03-28 19:15:40,Charlie,"Sure, here are the details..."
2025-03-28 19:17:40,SupportAgent3,"Thank you for your patience, we're checking the logs."
2025-03-28 19:20:40,SupportAgent3,We've re-enabled your file from the backup.
2025-03-28 19:22:40,Charlie,"Thanks, it's working now!"
2025-03-28 19:22:40,Bob,The website is very slow today.
2025-03-28 19:23:40,SupportAgent2,I'm sorry to hear that. Let me look into it for you.
2025-03-28 19:25:40,Bob,"Sure, here are the details..."
2025-03-28 19:27:40,SupportAgent2,"Thank you for your patience, we're checking the logs."
2025-03-28 19:30:40,SupportAgent2,Please check your spam folder for the email.
2025-03-28 19:32:40,Bob,"Thanks, it's working now!"
2025-03-28 19:32:40,Dana,How can I reset my password?
2025-03-28 19:33:40,SupportAgent1,I'm sorry to hear that. Let me look into it for you.
2025-03-28 19:35:40,Dana,"Sure, here are the details..."
2025-03-28 19:37:40,SupportAgent1,We've identified the issue and are working on a fix.
2025-03-28 19:40:40,SupportAgent1,The issue should be resolved now. Can you try again?
2025-03-28 19:42:40,Dana,"Thanks, it's working now!"
2025-03-28 19:42:40,Bob,I'm having trouble logging into my account.
2025-03-28 19:43:40,SupportAgent2,I'm sorry to hear that. Let me look into it for you.
2025-03-28 19:45:40,Bob,"Sure, here are the details..."
2025-03-28 19:47:40,SupportAgent2,We've identified the issue and are working on a fix.
2025-03-28 19:50:40,SupportAgent2,Please check your spam folder for the email.
2025-03-28 19:52:40,Bob,"Thanks, it's working now!"
2025-03-28 19:52:40,Dana,I'm not receiving verification emails.
2025-03-28 19:53:40,SupportAgent1,I'm sorry to hear that. Let me look into it for you.
2025-03-28 19:55:40,Dana,"Sure, here are the details..."
2025-03-28 19:57:40,SupportAgent1,We've identified the issue and are working on a fix.
2025-03-28 20:00:40,SupportAgent1,"I've reset your account, please try logging in again."
2025-03-28 20:02:40,Dana,"Thanks, it's working now!"
2025-03-28 20:02:40,Charlie,How can I reset my password?
2025-03-28 20:03:40,SupportAgent3,I'm sorry to hear that. Let me look into it for you.
2025-03-28 20:05:40,Charlie,"Sure, here are the details..."
2025-03-28 20:07:40,SupportAgent3,"Thank you for your patience, we're checking the logs."
2025-03-28 20:10:40,SupportAgent3,"I've reset your account, please try logging in again."
2025-03-28 20:12:40,Charlie,"Thanks, it's working now!"
2025-03-28 20:12:40,Bob,I'm not receiving verification emails.
2025-03-28 20:13:40,SupportAgent3,I'm sorry to hear that. Let me look into it for you.
2025-03-28 20:15:40,Bob,"Sure, here are the details..."
2025-03-28 20:17:40,SupportAgent3,Can you please provide more details?
2025-03-28 20:20:40,SupportAgent3,The system has been optimized. Please refresh and try again.
2025-03-28 20:22:40,Bob,"Thanks, it's working now!"
2025-03-28 20:22:40,Dana,I accidentally deleted an important file.
2025-03-28 20:23:40,SupportAgent3,I'm sorry to hear that. Let me look into it for you.
2025-03-28 20:25:40,Dana,"Sure, here are the details..."
2025-03-28 20:27:40,SupportAgent3,We've identified the issue and are working on a fix.
2025-03-28 20:30:40,SupportAgent3,Please check your spam folder for the email.
2025-03-28 20:32:40,Dana,"Thanks, it's working now!"
2025-03-28 20:32:40,Bob,The website is very slow today.
2025-03-28 20:33:40,SupportAgent2,I'm sorry to hear that. Let me look into it for you.
2025-03-28 20:35:40,Bob,"Sure, here are the details..."
2025-03-28 20:37:40,SupportAgent2,We've identified the issue and are working on a fix.
2025-03-28 20:40:40,SupportAgent2,We've re-enabled your file from the backup.
2025-03-28 20:42:40,Bob,"Thanks, it's working now!"
2025-03-28 20:42:40,Bob,I'm seeing an error code 502 on the dashboard.
2025-03-28 20:43:40,SupportAgent2,I'm sorry to hear that. Let me look into it for you.
2025-03-28 20:45:40,Bob,"Sure, here are the details..."
2025-03-28 20:47:40,SupportAgent2,Can you please provide more details?
2025-03-28 20:50:40,SupportAgent2,We've re-enabled your file from the backup.
2025-03-28 20:52:40,Bob,"Thanks, it's working now!"
2025-03-28 20:52:40,Dana,I accidentally deleted an important file.
2025-03-28 20:53:40,SupportAgent1,I'm sorry to hear that. Let me look into it for you.
2025-03-28 20:55:40,Dana,"Sure, here are the details..."
2025-03-28 20:57:40,SupportAgent1,Can you please provide more details?
2025-03-28 21:00:40,SupportAgent1,Please check your spam folder for the email.
2025-03-28 21:02:40,Dana,"Thanks, it's working now!"
2025-03-28 21:02:40,Charlie,I'm having trouble logging into my account.
2025-03-28 21:03:40,SupportAgent1,I'm sorry to hear that. Let me look into it for you.
2025-03-28 21:05:40,Charlie,"Sure, here are the details..."
2025-03-28 21:07:40,SupportAgent1,"Thank you for your patience, we're checking the logs."
2025-03-28 21:10:40,SupportAgent1,We've re-enabled your file from the backup.
2025-03-28 21:12:40,Charlie,"Thanks, it's working now!"
2025-03-28 21:12:40,Charlie,I accidentally deleted an important file.
2025-03-28 21:13:40,SupportAgent3,I'm sorry to hear that. Let me look into it for you.
2025-03-28 21:15:40,Charlie,"Sure, here are the details..."
2025-03-28 21:17:40,SupportAgent3,Can you please provide more details?
2025-03-28 21:20:40,SupportAgent3,Please check your spam folder for the email.
2025-03-28 21:22:40,Charlie,"Thanks, it's working now!"
2025-03-28 21:22:40,Alice,The app keeps crashing when I try to open it.
2025-03-28 21:23:40,SupportAgent3,I'm sorry to hear that. Let me look into it for you.
2025-03-28 21:25:40,Alice,"Sure, here are the details..."
2025-03-28 21:27:40,SupportAgent3,Can you please provide more details?
2025-03-28 21:30:40,SupportAgent3,We've re-enabled your file from the backup.
2025-03-28 21:32:40,Alice,"Thanks, it's working now!"
2025-03-28 21:32:40,Dana,The website is very slow today.
2025-03-28 21:33:40,SupportAgent2,I'm sorry to hear that. Let me look into it for you.
2025-03-28 21:35:40,Dana,"Sure, here are the details..."
2025-03-28 21:37:40,SupportAgent2,We've identified the issue and are working on a fix.
2025-03-28 21:40:40,SupportAgent2,You can reset your password using this link: [reset link]
2025-03-28 21:42:40,Dana,"Thanks, it's working now!"
2025-03-28 21:42:40,Dana,I'm seeing an error code 502 on the dashboard.
2025-03-28 21:43:40,SupportAgent1,I'm sorry to hear that. Let me look into it for you.
2025-03-28 21:45:40,Dana,"Sure, here are the details..."
2025-03-28 21:47:40,SupportAgent1,We've identified the issue and are working on a fix.
2025-03-28 21:50:40,SupportAgent1,The issue should be resolved now. Can you try again?
2025-03-28 21:52:40,Dana,"Thanks, it's working now!"
2025-03-28 21:52:40,Bob,I'm seeing an error code 502 on the dashboard.
2025-03-28 21:53:40,SupportAgent3,I'm sorry to hear that. Let me look into it for you.
2025-03-28 21:55:40,Bob,"Sure, here are the details..."
2025-03-28 21:57:40,SupportAgent3,"Thank you for your patience, we're checking the logs."
2025-03-28 22:00:40,SupportAgent3,We've re-enabled your file from the backup.
2025-03-28 22:02:40,Bob,"Thanks, it's working now!"
2025-03-28 22:02:40,Charlie,I need help updating my profile information.
2025-03-28 22:03:40,SupportAgent3,I'm sorry to hear that. Let me look into it for you.
2025-03-28 22:05:40,Charlie,"Sure, here are the details..."
2025-03-28 22:07:40,SupportAgent3,Can you please provide more details?
2025-03-28 22:10:40,SupportAgent3,Please check your spam folder for the email.
2025-03-28 22:12:40,Charlie,"Thanks, it's working now!"
2025-03-28 22:12:40,Charlie,The website is very slow today.
2025-03-28 22:13:40,SupportAgent2,I'm sorry to hear that. Let me look into it for you.
2025-03-28 22:15:40,Charlie,"Sure, here are the details..."
2025-03-28 22:17:40,SupportAgent2,We've identified the issue and are working on a fix.
2025-03-28 22:20:40,SupportAgent2,The issue should be resolved now. Can you try again?
2025-03-28 22:22:40,Charlie,"Thanks, it's working now!"
2025-03-28 22:22:40,Dana,My data is not syncing between devices.
2025-03-28 22:23:40,SupportAgent2,I'm sorry to hear that. Let me look into it for you.
2025-03-28 22:25:40,Dana,"Sure, here are the details..."
2025-03-28 22:27:40,SupportAgent2,"Thank you for your patience, we're checking the logs."
2025-03-28 22:30:40,SupportAgent2,"I've reset your account, please try logging in again."
2025-03-28 22:32:40,Dana,"Thanks, it's working now!"
2025-03-28 22:32:40,Alice,I'm not receiving verification emails.
2025-03-28 22:33:40,SupportAgent3,I'm sorry to hear that. Let me look into it for you.
2025-03-28 22:35:40,Alice,"Sure, here are the details..."
2025-03-28 22:37:40,SupportAgent3,Can you please provide more details?
2025-03-28 22:40:40,SupportAgent3,The issue should be resolved now. Can you try again?
2025-03-28 22:42:40,Alice,"Thanks, it's working now!"
2025-03-28 22:42:40,Alice,I'm not receiving verification emails.
2025-03-28 22:43:40,SupportAgent2,I'm sorry to hear that. Let me look into it for you.
2025-03-28 22:45:40,Alice,"Sure, here are the details..."
2025-03-28 22:47:40,SupportAgent2,Can you please provide more details?
2025-03-28 22:50:40,SupportAgent2,We've re-enabled your file from the backup.
2025-03-28 22:52:40,Alice,"Thanks, it's working now!"
2025-03-28 22:52:40,Charlie,I'm having trouble logging into my account.
2025-03-28 22:53:40,SupportAgent1,I'm sorry to hear that. Let me look into it for you.
2025-03-28 22:55:40,Charlie,"Sure, here are the details..."
2025-03-28 22:57:40,SupportAgent1,Can you please provide more details?
2025-03-28 23:00:40,SupportAgent1,You can reset your password using this link: [reset link]
2025-03-28 23:02:40,Charlie,"Thanks, it's working now!"
2025-03-28 23:02:40,Bob,My data is not syncing between devices.
2025-03-28 23:03:40,SupportAgent1,I'm sorry to hear that. Let me look into it for you.
2025-03-28 23:05:40,Bob,"Sure, here are the details..."
2025-03-28 23:07:40,SupportAgent1,"Thank you for your patience, we're checking the logs."
2025-03-28 23:10:40,SupportAgent1,We've re-enabled your file from the backup.
2025-03-28 23:12:40,Bob,"Thanks, it's working now!"
2025-03-28 23:12:40,Alice,The app keeps crashing when I try to open it.
2025-03-28 23:13:40,SupportAgent1,I'm sorry to hear that. Let me look into it for you.
2025-03-28 23:15:40,Alice,"Sure, here are the details..."
2025-03-28 23:17:40,SupportAgent1,We've identified the issue and are working on a fix.
2025-03-28 23:20:40,SupportAgent1,Please check your spam folder for the email.
2025-03-28 23:22:40,Alice,"Thanks, it's working now!"
2025-03-28 23:22:40,Charlie,How can I reset my password?
2025-03-28 23:23:40,SupportAgent3,I'm sorry to hear that. Let me look into it for you.
2025-03-28 23:25:40,Charlie,"Sure, here are the details..."
2025-03-28 23:27:40,SupportAgent3,"Thank you for your patience, we're checking the logs."
2025-03-28 23:30:40,SupportAgent3,The issue should be resolved now. Can you try again?
2025-03-28 23:32:40,Charlie,"Thanks, it's working now!"
2025-03-28 23:32:40,Alice,My data is not syncing between devices.
2025-03-28 23:33:40,SupportAgent3,I'm sorry to hear that. Let me look into it for you.
2025-03-28 23:35:40,Alice,"Sure, here are the details..."
2025-03-28 23:37:40,SupportAgent3,Can you please provide more details?
2025-03-28 23:40:40,SupportAgent3,The system has been optimized. Please refresh and try again.
2025-03-28 23:42:40,Alice,"Thanks, it's working now!"
2025-03-28 23:42:40,Dana,I'm having trouble logging into my account.
2025-03-28 23:43:40,SupportAgent1,I'm sorry to hear that. Let me look into it for you.
2025-03-28 23:45:40,Dana,"Sure, here are the details..."
2025-03-28 23:47:40,SupportAgent1,Can you please provide more details?
2025-03-28 23:50:40,SupportAgent1,"I've reset your account, please try logging in again."
2025-03-28 23:52:40,Dana,"Thanks, it's working now!"
2025-03-28 23:52:40,Charlie,I accidentally deleted an important file.
2025-03-28 23:53:40,SupportAgent1,I'm sorry to hear that. Let me look into it for you.
2025-03-28 23:55:40,Charlie,"Sure, here are the details..."
2025-03-28 23:57:40,SupportAgent1,We've identified the issue and are working on a fix.
2025-03-29 00:00:40,SupportAgent1,You can reset your password using this link: [reset link]
2025-03-29 00:02:40,Charlie,"Thanks, it's working now!"
2025-03-29 00:02:40,Alice,I accidentally deleted an important file.
2025-03-29 00:03:40,SupportAgent2,I'm sorry to hear that. Let me look into it for you.
2025-03-29 00:05:40,Alice,"Sure, here are the details..."
2025-03-29 00:07:40,SupportAgent2,We've identified the issue and are working on a fix.
2025-03-29 00:10:40,SupportAgent2,"I've reset your account, please try logging in again."
2025-03-29 00:12:40,Alice,"Thanks, it's working now!"
2025-03-29 00:12:40,Alice,The app keeps crashing when I try to open it.
2025-03-29 00:13:40,SupportAgent3,I'm sorry to hear that. Let me look into it for you.
2025-03-29 00:15:40,Alice,"Sure, here are the details..."
2025-03-29 00:17:40,SupportAgent3,"Thank you for your patience, we're checking the logs."
2025-03-29 00:20:40,SupportAgent3,Please check your spam folder for the email.
2025-03-29 00:22:40,Alice,"Thanks, it's working now!"
2025-03-29 00:22:40,Alice,The website is very slow today.
2025-03-29 00:23:40,SupportAgent1,I'm sorry to hear that. Let me look into it for you.
2025-03-29 00:25:40,Alice,"Sure, here are the details..."
2025-03-29 00:27:40,SupportAgent1,"Thank you for your patience, we're checking the logs."
2025-03-29 00:30:40,SupportAgent1,Please check your spam folder for the email.
2025-03-29 00:32:40,Alice,"Thanks, it's working now!"
2025-03-29 00:32:40,Bob,My data is not syncing between devices.
2025-03-29 00:33:40,SupportAgent2,I'm sorry to hear that. Let me look into it for you.
2025-03-29 00:35:40,Bob,"Sure, here are the details..."
2025-03-29 00:37:40,SupportAgent2,"Thank you for your patience, we're checking the logs."
2025-03-29 00:40:40,SupportAgent2,The issue should be resolved now. Can you try again?
2025-03-29 00:42:40,Bob,"Thanks, it's working now!"
2025-03-29 00:42:40,Bob,My data is not syncing between devices.
2025-03-29 00:43:40,SupportAgent3,I'm sorry to hear that. Let me look into it for you.
2025-03-29 00:45:40,Bob,"Sure, here are the details..."
2025-03-29 00:47:40,SupportAgent3,We've identified the issue and are working on a fix.
2025-03-29 00:50:40,SupportAgent3,The issue should be resolved now. Can you try again?
2025-03-29 00:52:40,Bob,"Thanks, it's working now!"
2025-03-29 00:52:40,Alice,How can I reset my password?
2025-03-29 00:53:40,SupportAgent2,I'm sorry to hear that. Let me look into it for you.
2025-03-29 00:55:40,Alice,"Sure, here are the details..."
2025-03-29 00:57:40,SupportAgent2,Can you please provide more details?
2025-03-29 01:00:40,SupportAgent2,Please check your spam folder for the email.
2025-03-29 01:02:40,Alice,"Thanks, it's working now!"
2025-03-29 01:02:40,Charlie,The app keeps crashing when I try to open it.
2025-03-29 01:03:40,SupportAgent3,I'm sorry to hear that. Let me look into it for you.
2025-03-29 01:05:40,Charlie,"Sure, here are the details..."
2025-03-29 01:07:40,SupportAgent3,We've identified the issue and are working on a fix.
2025-03-29 01:10:40,SupportAgent3,Please check your spam folder for the email.
2025-03-29 01:12:40,Charlie,"Thanks, it's working now!"
2025-03-29 01:12:40,Bob,The website is very slow today.
2025-03-29 01:13:40,SupportAgent3,I'm sorry to hear that. Let me look into it for you.
2025-03-29 01:15:40,Bob,"Sure, here are the details..."
2025-03-29 01:17:40,SupportAgent3,Can you please provide more details?
2025-03-29 01:20:40,SupportAgent3,The issue should be resolved now. Can you try again?
2025-03-29 01:22:40,Bob,"Thanks, it's working now!"
2025-03-29 01:22:40,Charlie,The app keeps crashing when I try to open it.
2025-03-29 01:23:40,SupportAgent3,I'm sorry to hear that. Let me look into it for you.
2025-03-29 01:25:40,Charlie,"Sure, here are the details..."
2025-03-29 01:27:40,SupportAgent3,Can you please provide more details?
2025-03-29 01:30:40,SupportAgent3,You can reset your password using this link: [reset link]
2025-03-29 01:32:40,Charlie,"Thanks, it's working now!"
2025-03-29 01:32:40,Dana,The app keeps crashing when I try to open it.
2025-03-29 01:33:40,SupportAgent3,I'm sorry to hear that. Let me look into it for you.
2025-03-29 01:35:40,Dana,"Sure, here are the details..."
2025-03-29 01:37:40,SupportAgent3,"Thank you for your patience, we're checking the logs."
2025-03-29 01:40:40,SupportAgent3,Please check your spam folder for the email.
2025-03-29 01:42:40,Dana,"Thanks, it's working now!"
2025-03-29 01:42:40,Charlie,The website is very slow today.
2025-03-29 01:43:40,SupportAgent3,I'm sorry to hear that. Let me look into it for you.
2025-03-29 01:45:40,Charlie,"Sure, here are the details..."
2025-03-29 01:47:40,SupportAgent3,"Thank you for your patience, we're checking the logs."
2025-03-29 01:50:40,SupportAgent3,The system has been optimized. Please refresh and try again.
2025-03-29 01:52:40,Charlie,"Thanks, it's working now!"
2025-03-29 01:52:40,Bob,I accidentally deleted an important file.
2025-03-29 01:53:40,SupportAgent1,I'm sorry to hear that. Let me look into it for you.
2025-03-29 01:55:40,Bob,"Sure, here are the details..."
2025-03-29 01:57:40,SupportAgent1,"Thank you for your patience, we're checking the logs."
2025-03-29 02:00:40,SupportAgent1,The system has been optimized. Please refresh and try again.
2025-03-29 02:02:40,Bob,"Thanks, it's working now!"
2025-03-29 02:02:40,Dana,My payment didn't go through but I was charged.
2025-03-29 02:03:40,SupportAgent1,I'm sorry to hear that. Let me look into it for you.
2025-03-29 02:05:40,Dana,"Sure, here are the details..."
2025-03-29 02:07:40,SupportAgent1,"Thank you for your patience, we're checking the logs."
2025-03-29 02:10:40,SupportAgent1,The system has been optimized. Please refresh and try again.
2025-03-29 02:12:40,Dana,"Thanks, it's working now!"
2025-03-29 02:12:40,Charlie,The app keeps crashing when I try to open it.
2025-03-29 02:13:40,SupportAgent1,I'm sorry to hear that. Let me look into it for you.
2025-03-29 02:15:40,Charlie,"Sure, here are the details..."
2025-03-29 02:17:40,SupportAgent1,Can you please provide more details?
2025-03-29 02:20:40,SupportAgent1,We've re-enabled your file from the backup.
2025-03-29 02:22:40,Charlie,"Thanks, it's working now!"
2025-03-29 02:22:40,Charlie,The app keeps crashing when I try to open it.
2025-03-29 02:23:40,SupportAgent2,I'm sorry to hear that. Let me look into it for you.
2025-03-29 02:25:40,Charlie,"Sure, here are the details..."
2025-03-29 02:27:40,SupportAgent2,"Thank you for your patience, we're checking the logs."
2025-03-29 02:30:40,SupportAgent2,The system has been optimized. Please refresh and try again.
2025-03-29 02:32:40,Charlie,"Thanks, it's working now!"
2025-03-29 02:32:40,Dana,I'm seeing an error code 502 on the dashboard.
2025-03-29 02:33:40,SupportAgent2,I'm sorry to hear that. Let me look into it for you.
2025-03-29 02:35:40,Dana,"Sure, here are the details..."
2025-03-29 02:37:40,SupportAgent2,We've identified the issue and are working on a fix.
2025-03-29 02:40:40,SupportAgent2,The system has been optimized. Please refresh and try again.
2025-03-29 02:42:40,Dana,"Thanks, it's working now!"
2025-03-29 02:42:40,Charlie,The website is very slow today.
2025-03-29 02:43:40,SupportAgent1,I'm sorry to hear that. Let me look into it for you.
2025-03-29 02:45:40,Charlie,"Sure, here are the details..."
2025-03-29 02:47:40,SupportAgent1,Can you please provide more details?
2025-03-29 02:50:40,SupportAgent1,You can reset your password using this link: [reset link]
2025-03-29 02:52:40,Charlie,"Thanks, it's working now!"
2025-03-29 02:52:40,Bob,I'm having trouble logging into my account.
2025-03-29 02:53:40,SupportAgent2,I'm sorry to hear that. Let me look into it for you.
2025-03-29 02:55:40,Bob,"Sure, here are the details..."
2025-03-29 02:57:40,SupportAgent2,"Thank you for your patience, we're checking the logs."
2025-03-29 03:00:40,SupportAgent2,We've re-enabled your file from the backup.
2025-03-29 03:02:40,Bob,"Thanks, it's working now!"
2025-03-29 03:02:40,Alice,My payment didn't go through but I was charged.
2025-03-29 03:03:40,SupportAgent3,I'm sorry to hear that. Let me look into it for you.
2025-03-29 03:05:40,Alice,"Sure, here are the details..."
2025-03-29 03:07:40,SupportAgent3,Can you please provide more details?
2025-03-29 03:10:40,SupportAgent3,"I've reset your account, please try logging in again."
2025-03-29 03:12:40,Alice,"Thanks, it's working now!"
2025-03-29 03:12:40,Charlie,I'm having trouble logging into my account.
2025-03-29 03:13:40,SupportAgent1,I'm sorry to hear that. Let me look into it for you.
2025-03-29 03:15:40,Charlie,"Sure, here are the details..."
2025-03-29 03:17:40,SupportAgent1,Can you please provide more details?
2025-03-29 03:20:40,SupportAgent1,You can reset your password using this link: [reset link]
2025-03-29 03:22:40,Charlie,"Thanks, it's working now!"
2025-03-29 03:22:40,Dana,The app keeps crashing when I try to open it.
2025-03-29 03:23:40,SupportAgent2,I'm sorry to hear that. Let me look into it for you.
2025-03-29 03:25:40,Dana,"Sure, here are the details..."
2025-03-29 03:27:40,SupportAgent2,We've identified the issue and are working on a fix.
2025-03-29 03:30:40,SupportAgent2,"I've reset your account, please try logging in again."
2025-03-29 03:32:40,Dana,"Thanks, it's working now!"
2025-03-29 03:32:40,Bob,The app keeps crashing when I try to open it.
2025-03-29 03:33:40,SupportAgent1,I'm sorry to hear that. Let me look into it for you.
2025-03-29 03:35:40,Bob,"Sure, here are the details..."
2025-03-29 03:37:40,SupportAgent1,Can you please provide more details?
2025-03-29 03:40:40,SupportAgent1,The system has been optimized. Please refresh and try again.
2025-03-29 03:42:40,Bob,"Thanks, it's working now!"
2025-03-29 03:42:40,Alice,My data is not syncing between devices.
2025-03-29 03:43:40,SupportAgent2,I'm sorry to hear that. Let me look into it for you.
2025-03-29 03:45:40,Alice,"Sure, here are the details..."
2025-03-29 03:47:40,SupportAgent2,Can you please provide more details?
2025-03-29 03:50:40,SupportAgent2,Please check your spam folder for the email.
2025-03-29 03:52:40,Alice,"Thanks, it's working now!"
2025-03-29 03:52:40,Alice,I accidentally deleted an important file.
2025-03-29 03:53:40,SupportAgent2,I'm sorry to hear that. Let me look into it for you.
2025-03-29 03:55:40,Alice,"Sure, here are the details..."
2025-03-29 03:57:40,SupportAgent2,"Thank you for your patience, we're checking the logs."
2025-03-29 04:00:40,SupportAgent2,The issue should be resolved now. Can you try again?
2025-03-29 04:02:40,Alice,"Thanks, it's working now!"
2025-03-29 04:02:40,Bob,I need help updating my profile information.
2025-03-29 04:03:40,SupportAgent3,I'm sorry to hear that. Let me look into it for you.
2025-03-29 04:05:40,Bob,"Sure, here are the details..."
2025-03-29 04:07:40,SupportAgent3,"Thank you for your patience, we're checking the logs."
2025-03-29 04:10:40,SupportAgent3,"I've reset your account, please try logging in again."
2025-03-29 04:12:40,Bob,"Thanks, it's working now!"
2025-03-29 04:12:40,Alice,How can I reset my password?
2025-03-29 04:13:40,SupportAgent3,I'm sorry to hear that. Let me look into it for you.
2025-03-29 04:15:40,Alice,"Sure, here are the details..."
2025-03-29 04:17:40,SupportAgent3,We've identified the issue and are working on a fix.
2025-03-29 04:20:40,SupportAgent3,"I've reset your account, please try logging in again."
2025-03-29 04:22:40,Alice,"Thanks, it's working now!"
2025-03-29 04:22:40,Charlie,I'm seeing an error code 502 on the dashboard.
2025-03-29 04:23:40,SupportAgent1,I'm sorry to hear that. Let me look into it for you.
2025-03-29 04:25:40,Charlie,"Sure, here are the details..."
2025-03-29 04:27:40,SupportAgent1,We've identified the issue and are working on a fix.
2025-03-29 04:30:40,SupportAgent1,"I've reset your account, please try logging in again."
2025-03-29 04:32:40,Charlie,"Thanks, it's working now!"
2025-03-29 04:32:40,Alice,My data is not syncing between devices.
2025-03-29 04:33:40,SupportAgent2,I'm sorry to hear that. Let me look into it for you.
2025-03-29 04:35:40,Alice,"Sure, here are the details..."
2025-03-29 04:37:40,SupportAgent2,"Thank you for your patience, we're checking the logs."
2025-03-29 04:40:40,SupportAgent2,The issue should be resolved now. Can you try again?
2025-03-29 04:42:40,Alice,"Thanks, it's working now!"
2025-03-29 04:42:40,Alice,The app keeps crashing when I try to open it.
2025-03-29 04:43:40,SupportAgent1,I'm sorry to hear that. Let me look into it for you.
2025-03-29 04:45:40,Alice,"Sure, here are the details..."
2025-03-29 04:47:40,SupportAgent1,Can you please provide more details?
2025-03-29 04:50:40,SupportAgent1,"I've reset your account, please try logging in again."
2025-03-29 04:52:40,Alice,"Thanks, it's working now!"
2025-03-29 04:52:40,Dana,How can I reset my password?
2025-03-29 04:53:40,SupportAgent1,I'm sorry to hear that. Let me look into it for you.
2025-03-29 04:55:40,Dana,"Sure, here are the details..."
2025-03-29 04:57:40,SupportAgent1,We've identified the issue and are working on a fix.
2025-03-29 05:00:40,SupportAgent1,We've re-enabled your file from the backup.
2025-03-29 05:02:40,Dana,"Thanks, it's working now!"
2025-03-29 05:02:40,Dana,I'm having trouble logging into my account.
2025-03-29 05:03:40,SupportAgent3,I'm sorry to hear that. Let me look into it for you.
2025-03-29 05:05:40,Dana,"Sure, here are the details..."
2025-03-29 05:07:40,SupportAgent3,"Thank you for your patience, we're checking the logs."
2025-03-29 05:10:40,SupportAgent3,We've re-enabled your file from the backup.
2025-03-29 05:12:40,Dana,"Thanks, it's working now!"
2025-03-29 05:12:40,Charlie,I'm not receiving verification emails.
2025-03-29 05:13:40,SupportAgent1,I'm sorry to hear that. Let me look into it for you.
2025-03-29 05:15:40,Charlie,"Sure, here are the details..."
2025-03-29 05:17:40,SupportAgent1,Can you please provide more details?
2025-03-29 05:20:40,SupportAgent1,Please check your spam folder for the email.
2025-03-29 05:22:40,Charlie,"Thanks, it's working now!"
2025-03-29 05:22:40,Bob,How can I reset my password?
2025-03-29 05:23:40,SupportAgent3,I'm sorry to hear that. Let me look into it for you.
2025-03-29 05:25:40,Bob,"Sure, here are the details..."
2025-03-29 05:27:40,SupportAgent3,Can you please provide more details?
2025-03-29 05:30:40,SupportAgent3,"I've reset your account, please try logging in again."
2025-03-29 05:32:40,Bob,"Thanks, it's working now!"
2025-03-29 05:32:40,Alice,How can I reset my password?
2025-03-29 05:33:40,SupportAgent1,I'm sorry to hear that. Let me look into it for you.
2025-03-29 05:35:40,Alice,"Sure, here are the details..."
2025-03-29 05:37:40,SupportAgent1,We've identified the issue and are working on a fix.
2025-03-29 05:40:40,SupportAgent1,The system has been optimized. Please refresh and try again.
2025-03-29 05:42:40,Alice,"Thanks, it's working now!"
2025-03-29 05:42:40,Dana,I'm not receiving verification emails.
2025-03-29 05:43:40,SupportAgent3,I'm sorry to hear that. Let me look into it for you.
2025-03-29 05:45:40,Dana,"Sure, here are the details..."
2025-03-29 05:47:40,SupportAgent3,We've identified the issue and are working on a fix.
2025-03-29 05:50:40,SupportAgent3,Please check your spam folder for the email.
2025-03-29 05:52:40,Dana,"Thanks, it's working now!"
2025-03-29 05:52:40,Alice,I accidentally deleted an important file.
2025-03-29 05:53:40,SupportAgent1,I'm sorry to hear that. Let me look into it for you.
2025-03-29 05:55:40,Alice,"Sure, here are the details..."
2025-03-29 05:57:40,SupportAgent1,Can you please provide more details?
2025-03-29 06:00:40,SupportAgent1,The issue should be resolved now. Can you try again?
2025-03-29 06:02:40,Alice,"Thanks, it's working now!"
2025-03-29 06:02:40,Dana,I need help updating my profile information.
2025-03-29 06:03:40,SupportAgent1,I'm sorry to hear that. Let me look into it for you.
2025-03-29 06:05:40,Dana,"Sure, here are the details..."
2025-03-29 06:07:40,SupportAgent1,"Thank you for your patience, we're checking the logs."
2025-03-29 06:10:40,SupportAgent1,"I've reset your account, please try logging in again."
2025-03-29 06:12:40,Dana,"Thanks, it's working now!"
2025-03-29 06:12:40,Charlie,I'm not receiving verification emails.
2025-03-29 06:13:40,SupportAgent3,I'm sorry to hear that. Let me look into it for you.
2025-03-29 06:15:40,Charlie,"Sure, here are the details..."
2025-03-29 06:17:40,SupportAgent3,Can you please provide more details?
2025-03-29 06:20:40,SupportAgent3,The issue should be resolved now. Can you try again?
2025-03-29 06:22:40,Charlie,"Thanks, it's working now!"
2025-03-29 06:22:40,Alice,I need help updating my profile information.
2025-03-29 06:23:40,SupportAgent2,I'm sorry to hear that. Let me look into it for you.
2025-03-29 06:25:40,Alice,"Sure, here are the details..."
2025-03-29 06:27:40,SupportAgent2,"Thank you for your patience, we're checking the logs."
2025-03-29 06:30:40,SupportAgent2,The issue should be resolved now. Can you try again?
2025-03-29 06:32:40,Alice,"Thanks, it's working now!"
2025-03-29 06:32:40,Bob,My payment didn't go through but I was charged.
2025-03-29 06:33:40,SupportAgent1,I'm sorry to hear that. Let me look into it for you.
2025-03-29 06:35:40,Bob,"Sure, here are the details..."
2025-03-29 06:37:40,SupportAgent1,We've identified the issue and are working on a fix.
2025-03-29 06:40:40,SupportAgent1,You can reset your password using this link: [reset link]
2025-03-29 06:42:40,Bob,"Thanks, it's working now!"
2025-03-29 06:42:40,Alice,My data is not syncing between devices.
2025-03-29 06:43:40,SupportAgent3,I'm sorry to hear that. Let me look into it for you.
2025-03-29 06:45:40,Alice,"Sure, here are the details..."
2025-03-29 06:47:40,SupportAgent3,"Thank you for your patience, we're checking the logs."
2025-03-29 06:50:40,SupportAgent3,You can reset your password using this link: [reset link]
2025-03-29 06:52:40,Alice,"Thanks, it's working now!"
2025-03-29 06:52:40,Bob,The website is very slow today.
2025-03-29 06:53:40,SupportAgent1,I'm sorry to hear that. Let me look into it for you.
2025-03-29 06:55:40,Bob,"Sure, here are the details..."
2025-03-29 06:57:40,SupportAgent1,Can you please provide more details?
2025-03-29 07:00:40,SupportAgent1,"I've reset your account, please try logging in again."
2025-03-29 07:02:40,Bob,"Thanks, it's working now!"
2025-03-29 07:02:40,Charlie,I'm not receiving verification emails.
2025-03-29 07:03:40,SupportAgent1,I'm sorry to hear that. Let me look into it for you.
2025-03-29 07:05:40,Charlie,"Sure, here are the details..."
2025-03-29 07:07:40,SupportAgent1,We've identified the issue and are working on a fix.
2025-03-29 07:10:40,SupportAgent1,The system has been optimized. Please refresh and try again.
2025-03-29 07:12:40,Charlie,"Thanks, it's working now!"
2025-03-29 07:12:40,Charlie,I'm seeing an error code 502 on the dashboard.
2025-03-29 07:13:40,SupportAgent1,I'm sorry to hear that. Let me look into it for you.
2025-03-29 07:15:40,Charlie,"Sure, here are the details..."
2025-03-29 07:17:40,SupportAgent1,Can you please provide more details?
2025-03-29 07:20:40,SupportAgent1,The issue should be resolved now. Can you try again?
2025-03-29 07:22:40,Charlie,"Thanks, it's working now!"
2025-03-29 07:22:40,Alice,My payment didn't go through but I was charged.
2025-03-29 07:23:40,SupportAgent2,I'm sorry to hear that. Let me look into it for you.
2025-03-29 07:25:40,Alice,"Sure, here are the details..."
2025-03-29 07:27:40,SupportAgent2,Can you please provide more details?
2025-03-29 07:30:40,SupportAgent2,We've re-enabled your file from the backup.
2025-03-29 07:32:40,Alice,"Thanks, it's working now!"
2025-03-29 07:32:40,Bob,I need help updating my profile information.
2025-03-29 07:33:40,SupportAgent1,I'm sorry to hear that. Let me look into it for you.
2025-03-29 07:35:40,Bob,"Sure, here are the details..."
2025-03-29 07:37:40,SupportAgent1,We've identified the issue and are working on a fix.
2025-03-29 07:40:40,SupportAgent1,You can reset your password using this link: [reset link]
2025-03-29 07:42:40,Bob,"Thanks, it's working now!"
2025-03-29 07:42:40,Bob,I'm not receiving verification emails.
2025-03-29 07:43:40,SupportAgent2,I'm sorry to hear that. Let me look into it for you.
2025-03-29 07:45:40,Bob,"Sure, here are the details..."
2025-03-29 07:47:40,SupportAgent2,Can you please provide more details?
2025-03-29 07:50:40,SupportAgent2,You can reset your password using this link: [reset link]
2025-03-29 07:52:40,Bob,"Thanks, it's working now!"
2025-03-29 07:52:40,Bob,I need help updating my profile information.
2025-03-29 07:53:40,SupportAgent2,I'm sorry to hear that. Let me look into it for you.
2025-03-29 07:55:40,Bob,"Sure, here are the details..."
2025-03-29 07:57:40,SupportAgent2,"Thank you for your patience, we're checking the logs."
2025-03-29 08:00:40,SupportAgent2,"I've reset your account, please try logging in again."
2025-03-29 08:02:40,Bob,"Thanks, it's working now!"
2025-03-29 08:02:40,Bob,I need help updating my profile information.
2025-03-29 08:03:40,SupportAgent1,I'm sorry to hear that. Let me look into it for you.
2025-03-29 08:05:40,Bob,"Sure, here are the details..."
2025-03-29 08:07:40,SupportAgent1,We've identified the issue and are working on a fix.
2025-03-29 08:10:40,SupportAgent1,We've re-enabled your file from the backup.
2025-03-29 08:12:40,Bob,"Thanks, it's working now!"
2025-03-29 08:12:40,Dana,I'm not receiving verification emails.
2025-03-29 08:13:40,SupportAgent1,I'm sorry to hear that. Let me look into it for you.
2025-03-29 08:15:40,Dana,"Sure, here are the details..."
2025-03-29 08:17:40,SupportAgent1,We've identified the issue and are working on a fix.
2025-03-29 08:20:40,SupportAgent1,You can reset your password using this link: [reset link]
2025-03-29 08:22:40,Dana,"Thanks, it's working now!"
2025-03-29 08:22:40,Charlie,The app keeps crashing when I try to open it.
2025-03-29 08:23:40,SupportAgent3,I'm sorry to hear that. Let me look into it for you.
2025-03-29 08:25:40,Charlie,"Sure, here are the details..."
2025-03-29 08:27:40,SupportAgent3,We've identified the issue and are working on a fix.
2025-03-29 08:30:40,SupportAgent3,"I've reset your account, please try logging in again."
2025-03-29 08:32:40,Charlie,"Thanks, it's working now!"
2025-03-29 08:32:40,Alice,I accidentally deleted an important file.
2025-03-29 08:33:40,SupportAgent1,I'm sorry to hear that. Let me look into it for you.
2025-03-29 08:35:40,Alice,"Sure, here are the details..."
2025-03-29 08:37:40,SupportAgent1,We've identified the issue and are working on a fix.
2025-03-29 08:40:40,SupportAgent1,"I've reset your account, please try logging in again."
2025-03-29 08:42:40,Alice,"Thanks, it's working now!"
2025-03-29 08:42:40,Bob,My payment didn't go through but I was charged.
2025-03-29 08:43:40,SupportAgent2,I'm sorry to hear that. Let me look into it for you.
2025-03-29 08:45:40,Bob,"Sure, here are the details..."
2025-03-29 08:47:40,SupportAgent2,"Thank you for your patience, we're checking the logs."
2025-03-29 08:50:40,SupportAgent2,The system has been optimized. Please refresh and try again.
2025-03-29 08:52:40,Bob,"Thanks, it's working now!"
2025-03-29 08:52:40,Bob,The website is very slow today.
2025-03-29 08:53:40,SupportAgent1,I'm sorry to hear that. Let me look into it for you.
2025-03-29 08:55:40,Bob,"Sure, here are the details..."
2025-03-29 08:57:40,SupportAgent1,Can you please provide more details?
2025-03-29 09:00:40,SupportAgent1,"I've reset your account, please try logging in again."
2025-03-29 09:02:40,Bob,"Thanks, it's working now!"
2025-03-29 09:02:40,Alice,The website is very slow today.
2025-03-29 09:03:40,SupportAgent3,I'm sorry to hear that. Let me look into it for you.
2025-03-29 09:05:40,Alice,"Sure, here are the details..."
2025-03-29 09:07:40,SupportAgent3,We've identified the issue and are working on a fix.
2025-03-29 09:10:40,SupportAgent3,The system has been optimized. Please refresh and try again.
2025-03-29 09:12:40,Alice,"Thanks, it's working now!"
2025-03-29 09:12:40,Charlie,My payment didn't go through but I was charged.
2025-03-29 09:13:40,SupportAgent2,I'm sorry to hear that. Let me look into it for you.
2025-03-29 09:15:40,Charlie,"Sure, here are the details..."
2025-03-29 09:17:40,SupportAgent2,Can you please provide more details?
2025-03-29 09:20:40,SupportAgent2,We've re-enabled your file from the backup.
2025-03-29 09:22:40,Charlie,"Thanks, it's working now!"
2025-03-29 09:22:40,Dana,My payment didn't go through but I was charged.
2025-03-29 09:23:40,SupportAgent2,I'm sorry to hear that. Let me look into it for you.
2025-03-29 09:25:40,Dana,"Sure, here are the details..."
2025-03-29 09:27:40,SupportAgent2,"Thank you for your patience, we're checking the logs."
2025-03-29 09:30:40,SupportAgent2,We've re-enabled your file from the backup.
2025-03-29 09:32:40,Dana,"Thanks, it's working now!"
2025-03-29 09:32:40,Dana,I'm not receiving verification emails.
2025-03-29 09:33:40,SupportAgent1,I'm sorry to hear that. Let me look into it for you.
2025-03-29 09:35:40,Dana,"Sure, here are the details..."
2025-03-29 09:37:40,SupportAgent1,We've identified the issue and are working on a fix.
2025-03-29 09:40:40,SupportAgent1,The system has been optimized. Please refresh and try again.
2025-03-29 09:42:40,Dana,"Thanks, it's working now!"
2025-03-29 09:42:40,Charlie,The website is very slow today.
2025-03-29 09:43:40,SupportAgent1,I'm sorry to hear that. Let me look into it for you.
2025-03-29 09:45:40,Charlie,"Sure, here are the details..."
2025-03-29 09:47:40,SupportAgent1,We've identified the issue and are working on a fix.
2025-03-29 09:50:40,SupportAgent1,"I've reset your account, please try logging in again."
2025-03-29 09:52:40,Charlie,"Thanks, it's working now!"
2025-03-29 09:52:40,Dana,How can I reset my password?
2025-03-29 09:53:40,SupportAgent2,I'm sorry to hear that. Let me look into it for you.
2025-03-29 09:55:40,Dana,"Sure, here are the details..."
2025-03-29 09:57:40,SupportAgent2,Can you please provide more details?
2025-03-29 10:00:40,SupportAgent2,"I've reset your account, please try logging in again."
2025-03-29 10:02:40,Dana,"Thanks, it's working now!"
2025-03-29 10:02:40,Bob,The app keeps crashing when I try to open it.
2025-03-29 10:03:40,SupportAgent1,I'm sorry to hear that. Let me look into it for you.
2025-03-29 10:05:40,Bob,"Sure, here are the details..."
2025-03-29 10:07:40,SupportAgent1,"Thank you for your patience, we're checking the logs."
2025-03-29 10:10:40,SupportAgent1,Please check your spam folder for the email.
2025-03-29 10:12:40,Bob,"Thanks, it's working now!"
2025-03-29 10:12:40,Alice,The app keeps crashing when I try to open it.
2025-03-29 10:13:40,SupportAgent3,I'm sorry to hear that. Let me look into it for you.
2025-03-29 10:15:40,Alice,"Sure, here are the details..."
2025-03-29 10:17:40,SupportAgent3,We've identified the issue and are working on a fix.
2025-03-29 10:20:40,SupportAgent3,"I've reset your account, please try logging in again."
2025-03-29 10:22:40,Alice,"Thanks, it's working now!"
2025-03-29 10:22:40,Alice,I'm not receiving verification emails.
2025-03-29 10:23:40,SupportAgent3,I'm sorry to hear that. Let me look into it for you.
2025-03-29 10:25:40,Alice,"Sure, here are the details..."
2025-03-29 10:27:40,SupportAgent3,We've identified the issue and are working on a fix.
2025-03-29 10:30:40,SupportAgent3,"I've reset your account, please try logging in again."
2025-03-29 10:32:40,Alice,"Thanks, it's working now!"
2025-03-29 10:32:40,Charlie,The app keeps crashing when I try to open it.
2025-03-29 10:33:40,SupportAgent1,I'm sorry to hear that. Let me look into it for you.
2025-03-29 10:35:40,Charlie,"Sure, here are the details..."
2025-03-29 10:37:40,SupportAgent1,"Thank you for your patience, we're checking the logs."
2025-03-29 10:40:40,SupportAgent1,Please check your spam folder for the email.
2025-03-29 10:42:40,Charlie,"Thanks, it's working now!"
2025-03-29 10:42:40,Charlie,How can I reset my password?
2025-03-29 10:43:40,SupportAgent3,I'm sorry to hear that. Let me look into it for you.
2025-03-29 10:45:40,Charlie,"Sure, here are the details..."
2025-03-29 10:47:40,SupportAgent3,We've identified the issue and are working on a fix.
2025-03-29 10:50:40,SupportAgent3,Please check your spam folder for the email.
2025-03-29 10:52:40,Charlie,"Thanks, it's working now!"
2025-03-29 10:52:40,Dana,The website is very slow today.
2025-03-29 10:53:40,SupportAgent1,I'm sorry to hear that. Let me look into it for you.
2025-03-29 10:55:40,Dana,"Sure, here are the details..."
2025-03-29 10:57:40,SupportAgent1,We've identified the issue and are working on a fix.
2025-03-29 11:00:40,SupportAgent1,You can reset your password using this link: [reset link]
2025-03-29 11:02:40,Dana,"Thanks, it's working now!"
2025-03-29 11:02:40,Dana,The website is very slow today.
2025-03-29 11:03:40,SupportAgent3,I'm sorry to hear that. Let me look into it for you.
2025-03-29 11:05:40,Dana,"Sure, here are the details..."
2025-03-29 11:07:40,SupportAgent3,We've identified the issue and are working on a fix.
2025-03-29 11:10:40,SupportAgent3,You can reset your password using this link: [reset link]
2025-03-29 11:12:40,Dana,"Thanks, it's working now!"
